{
	"info": {
		"_postman_id": "5a446f92-4916-471c-bdc8-9bdfe9432689",
		"name": "Hroades_web_API",
		"schema": "https://schema.getpostman.com/json/collection/v2.1.0/collection.json"
	},
	"item": [
		{
			"name": "Habilidades",
			"item": [
				{
					"name": "Habilidades.Listar",
					"request": {
						"method": "GET",
						"header": [],
						"url": {
							"raw": "http://localhost:5000/api/habilidades",
							"protocol": "http",
							"host": [
								"localhost"
							],
							"port": "5000",
							"path": [
								"api",
								"habilidades"
							]
						}
					},
					"response": []
				},
				{
					"name": "Habilidades.Cadastrar",
					"request": {
						"method": "POST",
						"header": [],
						"body": {
							"mode": "raw",
							"raw": "\r\n\r\n",
							"options": {
								"raw": {
									"language": "json"
								}
							}
						},
						"url": {
							"raw": "http://localhost:5000/api/habilidades",
							"protocol": "http",
							"host": [
								"localhost"
							],
							"port": "5000",
							"path": [
								"api",
								"habilidades"
							]
						}
					},
					"response": []
				},
				{
					"name": "Habilidades.Deletar",
					"request": {
						"method": "DELETE",
						"header": [],
						"url": {
							"raw": "http://localhost:5000/api/habilidades/6",
							"protocol": "http",
							"host": [
								"localhost"
							],
							"port": "5000",
							"path": [
								"api",
								"habilidades",
								"6"
							]
						}
					},
					"response": []
				},
				{
					"name": "Habilidades.Atualizar",
					"request": {
						"method": "PUT",
						"header": [],
						"body": {
							"mode": "raw",
							"raw": "{\r\n    \"NomeHabilidade\" : \"TesteHabilidade\"\r\n}",
							"options": {
								"raw": {
									"language": "json"
								}
							}
						},
						"url": {
							"raw": "http://localhost:5000/api/habilidades/5",
							"protocol": "http",
							"host": [
								"localhost"
							],
							"port": "5000",
							"path": [
								"api",
								"habilidades",
								"5"
							]
						}
					},
					"response": []
				}
			]
		},
		{
			"name": "Classes",
			"item": [
				{
					"name": "Classes.Listar",
					"request": {
						"method": "GET",
						"header": [],
						"url": {
							"raw": "http://localhost:5000/api/classes",
							"protocol": "http",
							"host": [
								"localhost"
							],
							"port": "5000",
							"path": [
								"api",
								"classes"
							]
						}
					},
					"response": []
				},
				{
					"name": "Classes.Cadastrar",
					"request": {
						"method": "POST",
						"header": [],
						"body": {
							"mode": "raw",
							"raw": "{\r\n    \"TipoClasse\" : \"Teste\"\r\n}",
							"options": {
								"raw": {
									"language": "json"
								}
							}
						},
						"url": {
							"raw": "http://localhost:5000/api/classes",
							"protocol": "http",
							"host": [
								"localhost"
							],
							"port": "5000",
							"path": [
								"api",
								"classes"
							]
						}
					},
					"response": []
				},
				{
					"name": "Classes.Deletar",
					"request": {
						"method": "DELETE",
						"header": [],
						"url": {
							"raw": "http://localhost:5000/api/classes/8",
							"protocol": "http",
							"host": [
								"localhost"
							],
							"port": "5000",
							"path": [
								"api",
								"classes",
								"8"
							]
						}
					},
					"response": []
				},
				{
					"name": "Classes.Atualizar",
					"request": {
						"method": "PUT",
						"header": [],
						"body": {
							"mode": "raw",
							"raw": "{\r\n    \"TipoClasse\" : \"Shablau\"\r\n}",
							"options": {
								"raw": {
									"language": "json"
								}
							}
						},
						"url": {
							"raw": "http://localhost:5000/api/classes/8",
							"protocol": "http",
							"host": [
								"localhost"
							],
							"port": "5000",
							"path": [
								"api",
								"classes",
								"8"
							]
						}
					},
					"response": []
				}
			]
		},
		{
			"name": "Personagem",
			"item": [
				{
					"name": "Personagens.Listar",
					"request": {
						"method": "GET",
						"header": [],
						"url": {
							"raw": "http://localhost:5000/api/personagens",
							"protocol": "http",
							"host": [
								"localhost"
							],
							"port": "5000",
							"path": [
								"api",
								"personagens"
							]
						}
					},
					"response": []
				},
				{
					"name": "Personagens.Cadastrar",
					"request": {
						"method": "POST",
						"header": [],
						"body": {
							"mode": "raw",
							"raw": "{\r\n    \"NomePersonagem\" : \"Teste\",\r\n    \"IdClasse\": 6,\r\n    \"MaxMana\": \"100\",\r\n    \"MaxVida\": \"80\",\r\n    \"dataAtualizacao\": \"2021-08-09T00:00:00\",\r\n    \"dataCriacao\": \"2019-01-18T00:00:00\"\r\n}",
							"options": {
								"raw": {
									"language": "json"
								}
							}
						},
						"url": {
							"raw": "http://localhost:5000/api/personagens",
							"protocol": "http",
							"host": [
								"localhost"
							],
							"port": "5000",
							"path": [
								"api",
								"personagens"
							]
						}
					},
					"response": []
				},
				{
					"name": "Personagens.Deletar",
					"request": {
						"method": "DELETE",
						"header": [],
						"url": {
							"raw": "http://localhost:5000/api/personagens/5",
							"protocol": "http",
							"host": [
								"localhost"
							],
							"port": "5000",
							"path": [
								"api",
								"personagens",
								"5"
							]
						}
					},
					"response": []
				},
				{
					"name": "Personagens.Atualizar",
					"request": {
						"method": "PUT",
						"header": [],
						"body": {
							"mode": "raw",
							"raw": "{\r\n    \"NomePersonagem\" : \"SuperShock\"\r\n}",
							"options": {
								"raw": {
									"language": "json"
								}
							}
						},
						"url": {
							"raw": "http://localhost:5000/api/personagens/4",
							"protocol": "http",
							"host": [
								"localhost"
							],
							"port": "5000",
							"path": [
								"api",
								"personagens",
								"4"
							]
						}
					},
					"response": []
				}
			]
		},
		{
			"name": "TipoHabilidade",
			"item": [
				{
					"name": "Listar",
					"request": {
						"method": "GET",
						"header": [],
						"url": {
							"raw": "http://localhost:5000/api/TipoHabilidades",
							"protocol": "http",
							"host": [
								"localhost"
							],
							"port": "5000",
							"path": [
								"api",
								"TipoHabilidades"
							]
						}
					},
					"response": []
				},
				{
					"name": "Cadastrar",
					"request": {
						"method": "POST",
						"header": [],
						"body": {
							"mode": "raw",
							"raw": "{\r\n    \"TipoHabilidade1\" : \"Teste\"\r\n\r\n}",
							"options": {
								"raw": {
									"language": "json"
								}
							}
						},
						"url": {
							"raw": "http://localhost:5000/api/TipoHabilidades",
							"protocol": "http",
							"host": [
								"localhost"
							],
							"port": "5000",
							"path": [
								"api",
								"TipoHabilidades"
							]
						}
					},
					"response": []
				},
				{
					"name": "Deletar",
					"request": {
						"method": "DELETE",
						"header": [],
						"url": {
							"raw": "http://localhost:5000/api/TipoHabilidades/5",
							"protocol": "http",
							"host": [
								"localhost"
							],
							"port": "5000",
							"path": [
								"api",
								"TipoHabilidades",
								"5"
							]
						}
					},
					"response": []
				},
				{
					"name": "Atualizar",
					"request": {
						"method": "PUT",
						"header": [],
						"body": {
							"mode": "raw",
							"raw": "{\r\n    \"TipoHabilidade1\" : \"SuperShock\"\r\n}",
							"options": {
								"raw": {
									"language": "json"
								}
							}
						},
						"url": {
							"raw": "http://localhost:5000/api/TipoHabilidades/5",
							"protocol": "http",
							"host": [
								"localhost"
							],
							"port": "5000",
							"path": [
								"api",
								"TipoHabilidades",
								"5"
							]
						}
					},
					"response": []
				},
				{
					"name": "Listar com Habilidades",
					"request": {
						"method": "GET",
						"header": [],
						"url": {
							"raw": "http://localhost:5000/api/TipoHabilidades/idTipo",
							"protocol": "http",
							"host": [
								"localhost"
							],
							"port": "5000",
							"path": [
								"api",
								"TipoHabilidades",
								"idTipo"
							]
						}
					},
					"response": []
				}
			]
		},
		{
			"name": "TipoUsuario",
			"item": [
				{
					"name": "TipoUsuarios.Listar",
					"request": {
						"method": "GET",
						"header": [],
						"url": {
							"raw": "http://localhost:5000/api/TipoUsuarios",
							"protocol": "http",
							"host": [
								"localhost"
							],
							"port": "5000",
							"path": [
								"api",
								"TipoUsuarios"
							]
						}
					},
					"response": []
				},
				{
					"name": "TipoUsuarios.Cadastrar",
					"request": {
						"method": "POST",
						"header": [],
						"body": {
							"mode": "raw",
							"raw": "{\r\n    \"Titulo\" : \"Teste\"\r\n\r\n}",
							"options": {
								"raw": {
									"language": "json"
								}
							}
						},
						"url": {
							"raw": "http://localhost:5000/api/TipoUsuarios",
							"protocol": "http",
							"host": [
								"localhost"
							],
							"port": "5000",
							"path": [
								"api",
								"TipoUsuarios"
							]
						}
					},
					"response": []
				},
				{
					"name": "TipoUsuarios.Deletar",
					"request": {
						"method": "DELETE",
						"header": [],
						"url": {
							"raw": "http://localhost:5000/api/TipoUsuarios/4",
							"protocol": "http",
							"host": [
								"localhost"
							],
							"port": "5000",
							"path": [
								"api",
								"TipoUsuarios",
								"4"
							]
						}
					},
					"response": []
				},
				{
					"name": "TipoUsuarios.Atualizar",
					"request": {
						"method": "PUT",
						"header": [],
						"body": {
							"mode": "raw",
							"raw": "{\r\n    \"Titulo\" : \"Batata\"\r\n\r\n}",
							"options": {
								"raw": {
									"language": "json"
								}
							}
						},
						"url": {
							"raw": "http://localhost:5000/api/TipoUsuarios/4",
							"protocol": "http",
							"host": [
								"localhost"
							],
							"port": "5000",
							"path": [
								"api",
								"TipoUsuarios",
								"4"
							]
						}
					},
					"response": []
				}
			]
		},
		{
			"name": "Usuarios",
			"item": [
				{
					"name": "Usuarios.Listar",
					"request": {
						"method": "GET",
						"header": [],
						"url": {
							"raw": "http://localhost:5000/api/Usuarios",
							"protocol": "http",
							"host": [
								"localhost"
							],
							"port": "5000",
							"path": [
								"api",
								"Usuarios"
							]
						}
					},
					"response": []
				},
				{
					"name": "Usuarios.Cadastrar",
					"request": {
						"method": "POST",
						"header": [],
						"body": {
							"mode": "raw",
							"raw": "{\r\n    \"nomeUsuario\": \"Jãozinho\",\r\n    \"email\": \"jãozinho@email.com\",\r\n    \"senha\": \"123456\",\r\n    \"idTipoUsuario\": 2\r\n\r\n}",
							"options": {
								"raw": {
									"language": "json"
								}
							}
						},
						"url": {
							"raw": "http://localhost:5000/api/Usuarios",
							"protocol": "http",
							"host": [
								"localhost"
							],
							"port": "5000",
							"path": [
								"api",
								"Usuarios"
							]
						}
					},
					"response": []
				},
				{
					"name": "Usuarios.Deletar",
					"request": {
						"method": "DELETE",
						"header": [],
						"url": {
							"raw": "http://localhost:5000/api/TipoUsuarios/4",
							"protocol": "http",
							"host": [
								"localhost"
							],
							"port": "5000",
							"path": [
								"api",
								"TipoUsuarios",
								"4"
							]
						}
					},
					"response": []
				},
				{
					"name": "Usuarios.Atualizar",
					"request": {
						"method": "PUT",
						"header": [],
						"body": {
							"mode": "raw",
							"raw": "{\r\n    \"Titulo\" : \"Batata\"\r\n\r\n}",
							"options": {
								"raw": {
									"language": "json"
								}
							}
						},
						"url": {
							"raw": "http://localhost:5000/api/TipoUsuarios/4",
							"protocol": "http",
							"host": [
								"localhost"
							],
							"port": "5000",
							"path": [
								"api",
								"TipoUsuarios",
								"4"
							]
						}
					},
					"response": []
				}
			]
		},
		{
			"name": "Login",
			"item": [
				{
					"name": "Login.GerarLogin",
					"request": {
						"method": "POST",
						"header": [],
						"body": {
							"mode": "raw",
							"raw": "\r\n{\r\n    \"email\" : \"vinicius@email.com\",\r\n    \"senha\" : \"123456\"\r\n}",
							"options": {
								"raw": {
									"language": "json"
								}
							}
						},
						"url": {
							"raw": "http://localhost:5000/api/Login/login/",
							"protocol": "http",
							"host": [
								"localhost"
							],
							"port": "5000",
							"path": [
								"api",
								"Login",
								"login",
								""
							]
						}
					},
					"response": []
				}
			]
		}
	]
}